scheme_id,revised_on,capital_at_revision,revenue_at_revision,total_cost_at_revision
33,13-05-2026,144.59,0.00,144.59
39,05-05-2026,17.74,0.00,17.74
40,04-05-2026,31.35,0.00,31.35
42,05-05-2026,26.10,0.00,26.10
56,26-06-2023,495.33,94.68,590.00
57,22-05-2023,189.35,0.00,189.35
58,02-06-2023,726.66,17.85,744.50
59,30-05-2023,172.90,26.10,199.00
60,22-05-2023,180.17,13.83,194.00
61,03-06-2023,761.40,8.19,769.59
62,03-06-2023,541.28,0.00,541.28
64,03-04-2024,142.90,8.10,151.00
66,12-02-2025,198.76,0.00,198.76
67,12-02-2025,198.03,0.00,198.03
68,03-04-2024,182.02,13.89,195.92
70,03-04-2024,92.82,91.45,184.27
71,03-04-2024,184.87,12.50,197.37
72,18-01-2022,173.99,12.77,186.76
73,30-05-2023,175.38,17.62,193.00
74,26-06-2023,377.50,74.50,452.00
75,23-05-2023,160.87,29.13,190.00
76,16-05-2023,178.23,18.05,196.27
78,27-03-2024,176.94,14.69,191.63
79,03-04-2024,186.19,13.45,199.63
80,03-04-2024,176.80,19.22,196.02
81,12-02-2025,184.91,13.81,198.72
82,03-04-2024,184.26,12.95,197.22
83,26-03-2024,182.85,14.69,197.54
85,11-02-2025,183.77,14.54,198.31
86,03-04-2024,184.13,15.71,199.84
89,12-01-2018,2814.00,232.00,3046.00
90,15-02-2023,1334.94,112.38,1447.31
91,26-06-2023,425.70,26.32,452.01
92,06-09-2023,185.24,13.04,198.27
93,03-04-2024,170.18,12.50,182.68
200,03-03-2025,541.45,129.62,671.07
202,14-05-2025,185.99,12.50,198.49
207,14-05-2025,186.60,9.34,195.94
208,14-05-2025,143.63,7.16,150.79
210,14-05-2025,181.42,16.67,198.09
211,14-05-2025,182.74,15.57,198.30
224,14-05-2025,154.12,10.24,164.36
271,13-05-2026,123.41,0.00,123.41
272,22-05-2026,125.10,0.00,125.10
273,13-05-2026,76.87,0.00,76.87
287,22-05-2026,70.23,6.58,76.81
303,13-05-2026,95.56,0.00,95.56
306,22-05-2026,81.27,0.00,81.27
308,13-05-2026,82.92,0.00,82.92
334,21-01-2026,54.92,0.00,54.92
381,13-03-2026,79.42,0.00,79.42
385,13-05-2026,92.16,0.00,92.16
393,26-07-2025,474.07,22.60,496.68
415,09-04-2026,184.09,4.80,188.89
416,22-05-2026,56.04,2.61,58.65
424,22-05-2026,125.13,0.00,125.13
426,13-05-2026,49.05,0.00,49.05
501,22-05-2026,102.90,0.00,102.90
503,13-05-2026,156.13,0.00,156.13
504,08-04-2026,121.22,1.07,122.29
506,13-05-2026,140.65,0.00,140.65
507,13-05-2026,74.70,0.00,74.70
523,25-01-2026,163.66,0.00,163.66
575,13-05-2026,55.40,0.00,55.40
576,19-01-2026,168.94,20.91,189.86
577,21-01-2026,170.37,20.91,191.28
595,22-05-2026,145.48,0.00,145.48
634,22-05-2026,118.33,0.00,118.33
651,22-05-2026,165.28,9.10,174.38
652,22-05-2026,163.03,11.19,174.22
669,02-09-2025,154.68,14.08,168.76
670,20-05-2026,218.70,35.08,253.77
674,02-09-2025,186.82,12.26,199.08
679,02-09-2025,86.78,19.40,106.18
681,02-09-2025,110.10,64.03,174.13
683,01-09-2025,101.01,25.00,126.01
684,12-10-2025,50.60,4.64,55.24
685,11-10-2025,45.07,3.08,48.15
686,12-10-2025,37.56,0.00,37.56
687,12-10-2025,53.73,0.00,53.73
688,21-01-2025,53.38,13.89,67.28
689,12-10-2025,82.79,97.74,180.53
690,12-10-2025,57.08,15.11,72.19
691,09-10-2025,55.35,13.67,69.02
692,12-10-2025,39.35,4.58,43.93
693,12-10-2025,99.59,52.35,151.94
694,12-10-2025,54.88,47.35,102.23
696,11-10-2025,40.10,4.34,44.44
697,12-10-2025,92.27,0.00,92.27
698,11-10-2025,68.69,0.00,68.69
699,12-10-2025,51.33,0.00,51.33
700,11-10-2025,54.46,15.25,69.71
701,12-10-2025,126.05,0.00,126.05
703,02-09-2025,193.43,0.00,193.43
705,02-09-2025,43.22,0.00,43.22
706,30-08-2025,53.56,0.00,53.56
707,22-01-2025,53.39,14.34,67.73
708,22-01-2025,54.43,14.34,68.77
713,05-05-2025,2124.92,140.00,2264.92
714,05-05-2025,1765.24,484.62,2249.86
719,30-03-2025,2376.99,1134.40,3511.39
721,11-03-2025,1418.20,312.67,1730.87
722,24-08-2025,2486.93,378.10,2865.03
730,13-05-2025,1485.33,386.16,1871.48
735,05-05-2025,618.58,120.99,739.57
736,09-02-2026,729.71,75.85,805.56
737,25-06-2025,95.83,23.71,119.54
739,25-06-2025,138.63,46.12,184.75
742,25-06-2025,117.80,23.71,141.50
743,22-01-2025,73.77,0.00,73.77
788,24-11-2024,0.00,199.93,199.93
794,13-10-2025,397.14,3121.99,3519.12
802,21-05-2026,0.00,8399.09,8399.09
803,07-04-2026,0.00,166.46,166.46
806,08-02-2022,1244.03,42.02,1286.05
807,25-11-2015,518.68,1057.31,1575.99
808,12-01-2018,4123.05,643.73,4766.78
813,20-02-2023,122.22,49.30,171.52
817,23-04-2025,3268.21,1377.06,4645.27
820,15-05-2014,1076.26,660.10,1736.36
822,08-03-2023,2823.10,944.30,3767.40
823,29-03-2023,2147.83,802.48,2950.31
824,06-04-2026,1172.08,582.42,1754.50
825,09-03-2017,533.98,217.12,751.10
828,11-02-2025,148.81,45.01,193.81
830,30-11-2016,1195.48,446.34,1641.82
831,02-01-2024,1082.21,763.67,1845.88
833,31-05-2023,429.35,128.49,557.84
835,25-08-2021,57.79,32.11,89.89
839,12-05-2025,74.67,43.85,118.53
840,16-09-2021,53.66,38.65,92.30
841,12-05-2025,76.87,43.85,120.73
845,19-12-2022,75.75,35.77,111.52
850,07-11-2017,2749.89,2114.02,4863.91
851,14-03-2022,59.40,14.06,73.45
853,30-12-2024,610.50,172.34,782.83
858,13-05-2025,66.54,17.36,83.89
867,17-03-2025,177.54,248.90,426.44
869,05-01-2021,41.70,29.44,71.14
870,05-01-2021,37.61,13.34,50.95
871,11-12-2019,72.51,21.50,94.01
872,02-06-2023,39.45,0.00,39.45
884,04-08-2025,48.78,26.80,75.58
888,06-04-2026,166.18,47.96,214.14
891,02-05-2026,150.09,201.75,351.84
893,13-05-2025,10.53,1.00,11.53
906,06-01-2025,153.24,0.00,153.24
909,13-01-2025,1093.14,122.56,1215.70
916,05-01-2021,74.79,17.33,92.12
927,13-05-2024,219.41,303.73,523.14
928,13-10-2025,6208.72,2248.43,8457.15
929,15-01-2021,547.70,907.25,1454.94
934,12-05-2025,1045.57,0.00,1045.57
937,02-06-2025,156.67,0.00,156.67
942,21-04-2025,92.25,0.00,92.25
943,12-05-2025,202.83,0.00,202.83
944,12-05-2025,829.64,0.00,829.64
948,02-06-2025,43.68,0.00,43.68
951,02-01-2025,82.65,0.00,82.65
952,02-01-2025,119.61,0.00,119.61
959,24-10-2025,63.65,0.00,63.65
979,11-01-2024,1307.52,0.00,1307.52
980,31-03-2026,189.95,0.00,189.95
981,24-10-2025,69.63,0.00,69.63
982,07-01-2025,192.93,0.00,192.93
983,26-02-2025,195.57,0.00,195.57
984,26-02-2025,134.07,0.00,134.07
985,07-01-2025,175.69,0.00,175.69
986,24-03-2025,243.97,0.00,243.97
987,26-12-2025,171.88,0.00,171.88
989,07-01-2025,20.39,0.00,20.39
990,07-01-2025,147.64,0.00,147.64
991,07-01-2025,113.04,0.00,113.04
992,07-01-2025,79.59,0.00,79.59
993,07-01-2025,198.81,0.00,198.81
994,07-01-2025,72.25,0.00,72.25
995,24-01-2025,213.25,0.00,213.25
998,26-12-2025,115.82,0.00,115.82
999,07-01-2025,149.44,0.00,149.44
1049,15-07-2025,197.18,0.00,197.18
1069,13-04-2026,4781.34,0.00,4781.34
1097,23-04-2026,194.12,0.00,194.12
1148,20-04-2026,7567.62,54.68,7622.30
1151,09-03-2026,196.79,0.00,196.79
1237,11-03-2026,93.72,0.00,93.72
1238,15-05-2026,141.76,0.00,141.76
1247,11-03-2026,172.80,0.00,172.80
1248,15-05-2026,196.58,0.00,196.58
1251,11-03-2026,72.25,0.00,72.25
1256,11-03-2026,91.97,0.00,91.97
1259,17-05-2026,795.89,0.00,795.89
1264,03-06-2026,265.41,0.00,265.41
1266,27-04-2026,270.57,27.55,298.12
1295,11-06-2025,2683.91,95.38,2779.29
1343,14-05-2026,184.23,0.00,184.23
1344,14-05-2026,186.11,0.00,186.11
1438,12-05-2025,244.48,0.00,244.48
1467,12-05-2025,243.02,0.00,243.02
1468,11-08-2025,214.70,0.00,214.70
1481,16-02-2026,409.62,0.00,409.62
1482,16-02-2026,552.14,0.00,552.14
1499,12-05-2025,311.52,0.00,311.52
1515,24-04-2025,86.64,0.00,86.64
1528,09-03-2026,325.18,0.00,325.18
1530,26-09-2025,51.69,0.00,51.69
1600,24-03-2025,399.01,1255.11,1654.11
1601,06-06-2022,102.39,18.88,121.27
1625,05-05-2025,296.75,54.48,351.23
1626,26-07-2023,0.00,963.32,963.32
1643,18-05-2026,5870.06,0.00,5870.06
1654,19-05-2025,2554.43,0.00,2554.43
1656,26-05-2025,480.08,0.00,480.08
1747,02-12-2025,2095.55,0.00,2095.55
1748,11-08-2025,2476.23,0.00,2476.23
1801,09-08-2025,1590.17,0.00,1590.17
1813,22-10-2025,0.00,189.74,189.74
1814,28-07-2025,3352.34,0.00,3352.34
1860,13-12-2024,119.61,0.00,119.61
1861,13-12-2024,116.84,0.00,116.84
1862,13-12-2024,108.00,0.00,108.00
1865,13-12-2024,114.12,0.00,114.12
1868,14-04-2025,69.85,0.00,69.85
1883,12-05-2025,509.80,0.00,509.80
1894,12-05-2026,234.13,0.00,234.13
1896,12-05-2025,231.81,0.00,231.81
1910,11-05-2025,404.99,0.00,404.99
1911,11-05-2025,257.69,0.00,257.69
1912,11-05-2025,212.52,0.00,212.52
1963,04-03-2026,188.40,0.00,188.40
2287,24-11-2025,6025.27,868.79,6894.07
2293,06-04-2026,1456.19,0.00,1456.19
2320,09-04-2026,47.24,0.00,47.24
2321,09-04-2026,59.66,0.00,59.66
2325,09-04-2026,25.60,0.00,25.60
2326,09-04-2026,82.59,0.00,82.59
2327,31-03-2026,38.32,0.00,38.32
2328,31-03-2026,30.59,0.00,30.59
2329,31-03-2026,32.89,0.00,32.89
2330,09-04-2026,41.95,0.00,41.95
2331,31-03-2026,34.96,0.00,34.96
2332,31-03-2026,39.04,0.00,39.04
2333,08-04-2026,26.63,0.00,26.63
2334,09-04-2026,100.00,0.00,100.00
2337,09-04-2026,59.21,0.00,59.21
2338,09-04-2026,63.32,0.00,63.32
2339,31-03-2026,87.61,0.00,87.61
2344,09-04-2026,60.81,0.00,60.81
2364,31-03-2026,49.93,0.00,49.93
2382,05-01-2026,0.00,6399.74,6399.74
2386,05-08-2025,4961.91,0.00,4961.91
2390,01-11-2023,0.00,144.75,144.75
2399,27-04-2026,7278.01,0.00,7278.01
2405,30-03-2026,197.26,0.00,197.26
2409,23-04-2026,178.32,0.00,178.32
2412,01-09-2025,712.46,0.00,712.46
2413,30-03-2026,189.46,0.00,189.46
2417,19-12-2025,162.04,0.00,162.04
2421,22-09-2025,465.12,0.00,465.12
2433,20-01-2026,417.63,0.00,417.63
2435,19-12-2025,106.70,0.00,106.70
2437,20-01-2026,207.42,0.00,207.42
2445,19-12-2025,190.89,0.00,190.89
2446,19-12-2025,161.25,0.00,161.25
2463,30-03-2026,99.93,0.00,99.93
2465,30-03-2026,149.98,0.00,149.98
2856,30-03-2026,177.95,0.00,177.95
2874,07-11-2025,192.58,0.00,192.58
2881,06-11-2025,110.00,0.00,110.00
2882,09-12-2024,855.58,0.00,855.58
3190,05-03-2026,135.00,0.00,135.00
3265,16-10-2023,69245.73,5754.27,75000.00
3285,02-03-2026,0.00,8400.00,8400.00
3290,02-05-2025,105.09,15.46,120.55
3293,07-03-2025,145.82,15.46,161.28
3297,02-05-2025,109.11,15.46,124.57
3301,07-03-2025,87.62,15.03,102.64
3309,11-05-2025,2787.70,0.00,2787.70
3312,13-05-2026,165.30,0.00,165.30
3315,13-05-2026,189.50,0.00,189.50
3389,29-07-2025,470.70,3.47,474.17
3391,02-02-2026,10495.10,0.00,10495.10
3392,23-12-2025,0.00,137.18,137.18
3410,02-01-2024,199.94,14.69,214.63
3411,27-11-2023,148.84,29.17,178.02
3412,20-10-2025,578.27,84.05,662.31
3415,22-10-2025,0.00,126.06,126.06
3427,09-06-2026,1134.74,0.00,1134.74
3429,26-01-2026,6463.90,0.00,6463.90
3430,28-04-2025,1016.72,0.00,1016.72
3433,11-05-2026,4091.58,0.00,4091.58
3435,11-05-2026,3827.45,0.00,3827.45
3442,29-08-2024,166.38,0.00,166.38
3459,05-05-2025,1012.85,0.00,1012.85
3460,19-05-2025,468.87,0.00,468.87
3480,19-05-2025,2356.53,0.00,2356.53
3482,19-05-2025,481.59,0.00,481.59
3509,19-05-2026,1010.28,0.00,1010.28
3533,21-05-2026,7986.16,0.00,7986.16
3535,19-05-2025,626.95,0.00,626.95
3536,19-05-2025,1158.31,0.00,1158.31
3539,02-03-2026,302.37,0.00,302.37
3549,19-05-2025,441.97,0.00,441.97
3553,19-05-2025,455.08,0.00,455.08
3558,14-05-2026,188.35,0.00,188.35
3560,28-02-2026,79.60,0.00,79.60
3563,26-01-2026,348.95,0.00,348.95
3564,14-05-2026,130.39,0.00,130.39
3576,18-11-2025,124.07,0.00,124.07
3582,09-06-2026,645.86,0.00,645.86
3585,19-12-2024,169.77,0.00,169.77
3603,19-05-2026,2892.22,0.00,2892.22
3624,29-09-2025,854.44,0.00,854.44
3689,09-03-2026,942.10,0.00,942.10
