scheme_id,district_id
1,20
4,21
5,8
5,26
5,28
8,19
9,17
9,22
10,28
11,9
12,22
18,18
18,27
18,28
19,25
20,10
20,30
21,17
21,20
21,22
21,29
21,24
22,17
22,30
27,8
27,13
27,14
27,15
27,16
30,1
32,10
32,18
32,22
32,15
32,16
33,12
34,8
35,18
36,29
37,12
38,29
39,22
40,22
41,22
42,22
43,29
44,9
45,8
46,9
47,11
48,13
49,19
50,11
51,23
52,17
54,3
55,19
56,12
56,16
57,27
58,10
59,1
60,19
61,16
62,28
63,16
64,11
64,18
65,9
65,26
65,30
66,24
67,9
68,16
69,22
70,19
71,22
72,12
73,30
74,19
75,8
76,26
77,18
78,27
79,9
80,9
81,22
82,18
83,11
84,1
85,14
86,11
87,2
88,22
89,9
90,11
90,16
90,28
91,22
92,28
93,27
94,16
95,1
96,9
96,20
96,19
96,28
97,11
97,22
97,26
98,20
99,18
100,11
101,27
102,9
103,8
106,21
107,11
108,13
109,11
110,19
111,8
112,12
113,3
114,21
115,12
116,23
117,18
118,28
119,14
120,5
121,2
122,6
123,17
124,17
125,26
126,23
127,17
128,3
129,17
130,12
131,30
132,19
133,22
134,24
135,7
136,1
137,11
138,1
139,4
140,3
141,5
143,30
144,28
145,28
146,28
147,27
148,21
149,9
150,21
151,17
152,11
153,10
154,22
155,23
156,22
157,26
158,22
159,18
160,19
161,7
162,29
163,8
164,28
165,28
166,17
167,27
168,5
169,1
170,4
171,9
172,26
173,1
173,2
173,4
174,9
175,18
176,19
177,25
178,30
179,22
180,5
181,30
182,26
183,3
184,27
185,18
186,14
187,1
188,11
189,10
190,10
191,10
192,30
193,1
194,2
195,22
196,19
197,1
198,22
200,15
202,4
203,10
204,30
205,12
206,9
207,8
208,26
209,19
210,20
211,23
212,9
213,7
214,25
215,28
216,30
217,9
218,21
219,24
220,22
221,1
222,9
223,16
224,27
225,25
228,5
229,1
230,9
231,24
232,20
233,17
234,17
235,25
236,18
237,30
238,30
239,26
240,13
241,27
243,1
244,2
245,1
246,19
247,30
248,1
249,19
250,19
251,2
252,1
253,22
254,11
255,25
256,7
257,2
258,30
259,11
260,16
261,20
265,15
266,24
267,21
268,13
269,29
270,21
271,11
272,18
273,24
274,21
275,11
276,9
277,29
278,18
279,2
280,5
282,2
283,2
284,9
285,8
286,16
287,13
288,25
289,27
290,30
291,29
292,26
293,19
294,18
295,17
296,22
297,23
298,20
299,21
300,10
301,9
302,12
303,11
304,8
305,19
306,17
307,22
308,24
309,2
310,1
311,3
312,5
313,10
314,14
315,11
316,9
317,28
318,27
319,30
320,29
321,19
322,18
323,22
324,2
325,1
326,4
327,5
328,7
329,6
330,10
331,22
332,8
333,28
334,17
335,20
336,10
337,9
338,12
339,14
340,8
341,16
342,13
343,25
344,27
345,28
346,26
347,29
348,19
349,18
350,17
351,22
352,23
353,24
354,21
355,20
356,7
357,2
358,4
359,1
360,3
361,5
362,6
363,10
364,9
365,12
366,14
367,11
368,8
369,16
370,13
371,25
372,27
373,30
374,26
375,29
376,19
377,18
378,17
379,22
380,23
381,24
382,21
383,20
384,7
385,2
386,1
387,3
388,5
389,6
390,28
391,8
391,9
391,17
391,18
391,30
391,19
392,1
393,8
394,9
394,10
394,11
394,12
394,13
394,14
394,15
395,15
395,16
396,8
397,16
398,13
399,16
400,29
401,21
402,8
403,12
404,1
405,30
406,19
409,24
410,3
411,19
412,22
413,22
414,22
415,22
416,18
417,5
418,22
419,18
420,28
421,30
422,22
423,23
424,5
425,16
426,24
427,30
428,19
431,1
432,22
433,22
434,22
435,22
436,22
437,27
438,27
439,25
440,26
441,27
442,8
443,3
444,3
445,3
446,3
447,3
448,30
449,19
450,27
451,27
452,11
453,12
454,19
455,8
456,30
457,29
458,24
459,8
460,29
461,25
462,24
463,8
464,8
465,21
466,21
467,13
468,13
469,13
470,8
471,17
472,27
473,27
474,25
475,12
476,13
477,17
478,3
479,22
480,26
481,29
482,27
483,27
484,24
488,17
489,12
489,26
489,14
489,15
490,5
491,23
492,10
493,20
494,12
495,21
496,2
497,5
499,3
500,2
501,9
502,14
503,11
504,25
505,26
506,18
507,24
508,2
509,30
510,22
511,19
512,22
513,29
514,10
515,11
516,9
517,30
518,29
519,19
520,18
521,17
522,22
523,23
524,24
525,20
526,21
527,3
528,2
529,1
530,4
531,5
532,7
533,6
534,11
535,16
536,8
537,14
538,27
539,18
540,9
541,28
542,25
543,17
544,12
545,17
546,19
547,24
548,23
549,21
550,26
551,20
552,29
553,30
554,22
555,5
556,5
557,7
558,7
559,4
560,4
561,25
562,27
563,8
564,12
565,30
566,26
567,29
568,18
569,19
570,23
571,8
572,26
573,18
574,22
575,24
576,10
577,6
578,30
579,19
580,22
581,18
582,28
583,12
584,10
585,9
586,12
587,15
588,14
589,11
590,8
591,16
592,13
593,25
594,27
595,30
596,26
597,29
598,19
599,18
600,17
601,22
602,23
603,24
604,21
605,20
606,2
607,4
608,3
609,1
610,7
611,5
612,6
613,18
614,9
615,10
616,9
617,12
618,15
619,14
620,11
621,8
622,16
623,13
624,25
625,27
626,28
627,30
628,26
629,29
630,19
631,18
632,17
633,22
634,23
635,24
636,21
637,20
638,2
639,4
640,3
641,1
642,7
643,5
644,6
645,16
646,15
647,15
648,17
649,18
650,28
651,28
652,28
653,28
654,28
655,9
655,23
655,18
655,22
655,29
656,1
657,10
658,18
660,22
661,19
662,30
663,25
664,10
665,1
667,21
669,1
673,10
674,8
674,17
674,1
675,29
675,26
676,29
677,23
677,18
677,30
677,14
678,27
679,1
681,25
682,22
683,18
684,8
685,9
686,5
687,27
688,6
689,12
690,18
691,30
692,18
693,11
694,11
695,20
696,26
697,1
698,10
699,10
699,12
700,23
701,29
702,8
704,18
705,22
706,22
707,18
708,29
709,22
710,30
711,1
712,30
713,1
714,24
715,19
716,18
716,19
717,19
718,1
719,1
720,8
721,1
722,1
723,30
724,18
725,18
726,1
727,1
728,1
729,9
730,12
731,27
732,22
733,1
734,30
735,11
736,11
737,9
738,11
739,9
740,10
741,10
742,9
743,18
744,1
745,22
746,1
747,27
748,1
749,11
750,8
750,13
750,27
750,16
751,27
752,28
753,13
755,1
755,16
758,1
759,20
760,19
761,26
762,26
763,3
765,1
767,1
768,1
768,16
769,13
769,16
771,10
771,1
771,19
773,7
774,10
775,19
777,11
777,12
777,14
777,15
778,26
779,9
780,25
781,1
782,18
783,29
784,10
785,23
786,1
787,1
788,1
793,1
795,1
798,30
799,8
799,13
799,16
800,23
801,1
804,1
805,25
806,22
807,18
808,19
809,10
810,11
810,22
810,30
810,19
813,30
814,22
815,23
817,1
818,1
819,1
820,1
821,20
822,8
822,18
822,24
823,23
823,12
823,28
824,21
825,1
826,18
827,16
828,25
829,25
830,27
831,11
831,14
831,15
832,1
833,1
834,19
835,20
836,26
837,22
838,22
839,29
840,29
841,29
842,9
843,9
844,9
845,28
846,21
847,21
848,21
849,9
850,17
850,25
850,29
850,26
850,16
851,9
852,1
853,16
854,24
855,29
856,29
857,8
858,26
859,26
860,20
861,20
862,18
863,27
864,27
865,27
867,1
868,11
869,18
870,18
871,18
872,29
873,28
874,1
875,1
876,16
877,16
878,13
879,10
880,10
881,22
882,22
883,24
884,9
885,29
886,30
887,30
888,30
889,30
890,26
891,11
892,11
893,18
894,15
895,27
896,27
897,27
898,25
899,28
900,1
901,1
902,1
903,1
904,13
905,17
906,11
907,18
908,18
909,27
910,27
911,27
912,27
913,25
914,28
915,28
916,8
917,27
918,29
919,27
920,21
921,27
922,22
923,22
924,11
925,1
926,18
927,1
928,1
929,30
930,1
931,11
932,22
933,1
934,1
935,1
936,21
937,1
938,20
938,21
940,15
941,11
942,13
943,1
944,1
946,30
948,20
950,1
951,8
952,8
954,4
955,17
956,11
957,30
958,6
959,2
960,2
961,4
962,7
963,4
964,26
965,30
966,18
966,22
967,10
968,21
969,19
970,1
971,1
972,1
973,5
975,1
976,1
977,30
978,10
978,1
978,22
978,19
979,1
980,10
981,1
982,1
983,10
984,19
985,18
986,22
987,25
988,1
989,8
990,29
991,17
992,24
993,20
994,1
995,1
996,1
997,1
998,24
999,10
1000,19
1001,1
1002,1
1002,5
1003,5
1004,9
1005,1
1006,5
1007,29
1008,19
1009,17
1010,19
1012,1
1013,5
1015,10
1015,1
1015,22
1015,30
1015,19
1016,1
1017,18
1018,1
1019,1
1020,3
1021,29
1022,22
1023,1
1024,1
1025,11
1026,19
1027,11
1028,11
1029,4
1030,10
1031,10
1032,19
1033,17
1034,19
1035,19
1036,19
1037,1
1038,9
1039,27
1040,28
1041,26
1042,24
1043,1
1045,18
1046,25
1047,28
1048,22
1049,22
1050,22
1051,8
1051,26
1051,30
1051,28
1052,26
1053,8
1053,26
1053,30
1054,24
1055,10
1055,13
1055,15
1056,14
1057,12
1057,26
1058,29
1059,14
1060,12
1061,18
1062,22
1063,22
1064,23
1065,30
1066,26
1067,9
1068,28
1069,28
1070,27
1071,8
1072,24
1073,11
1074,30
1075,24
1076,18
1077,9
1078,24
1079,22
1080,8
1081,8
1082,8
1083,8
1084,8
1084,15
1085,10
1086,10
1087,10
1088,10
1089,30
1090,25
1091,25
1092,25
1093,10
1094,9
1095,13
1096,13
1097,16
1098,16
1099,19
1100,21
1101,25
1102,13
1103,25
1104,18
1105,23
1106,23
1107,8
1108,8
1109,8
1110,8
1111,13
1112,10
1113,30
1114,30
1115,10
1116,30
1117,9
1118,17
1120,30
1121,28
1122,26
1123,18
1124,22
1125,9
1127,22
1128,24
1129,9
1130,9
1131,21
1132,22
1133,17
1134,8
1135,17
1136,8
1137,28
1139,22
1140,22
1142,22
1143,22
1144,9
1144,11
1145,10
1146,10
1147,18
1147,26
1147,28
1148,27
1149,21
1150,17
1151,11
1153,11
1154,12
1155,18
1156,9
1157,11
1158,23
1159,23
1160,20
1161,20
1162,24
1163,21
1164,24
1165,10
1166,16
1167,10
1167,11
1168,16
1169,16
1170,10
1170,1
1171,17
1172,19
1173,11
1174,20
1175,12
1176,12
1177,18
1178,10
1178,29
1179,29
1180,23
1181,23
1182,22
1183,22
1184,11
1185,22
1186,23
1187,9
1188,20
1189,21
1190,21
1191,20
1192,13
1193,24
1194,16
1195,13
1196,13
1196,15
1197,15
1198,11
1199,16
1200,10
1201,10
1202,18
1203,8
1204,19
1205,17
1206,17
1207,17
1210,8
1210,13
1210,16
1211,20
1212,11
1213,30
1214,12
1215,29
1216,29
1217,22
1218,15
1220,27
1221,9
1222,23
1224,16
1225,13
1226,25
1232,16
1233,11
1236,23
1237,23
1238,8
1240,28
1241,29
1242,1
1243,1
1244,29
1246,23
1247,21
1248,26
1249,9
1250,29
1251,17
1252,19
1253,1
1254,13
1255,23
1256,21
1257,1
1258,1
1259,1
1260,11
1261,22
1262,25
1263,24
1264,18
1265,22
1266,22
1267,23
1268,1
1270,30
1271,16
1272,18
1272,27
1272,28
1275,24
1278,7
1279,22
1281,28
1283,7
1285,8
1285,22
1285,12
1285,19
1288,7
1290,9
1291,30
1293,8
1293,9
1293,16
1294,16
1295,1
1297,10
1297,22
1297,30
1298,1
1299,8
1299,1
1299,13
1299,16
1300,16
1301,11
1301,26
1301,16
1302,13
1303,13
1303,16
1304,13
1305,8
1305,13
1305,16
1306,8
1306,1
1306,13
1306,16
1307,19
1308,19
1309,6
1310,22
1311,21
1312,22
1313,5
1314,1
1315,5
1316,5
1317,22
1318,22
1319,22
1320,5
1321,19
1322,19
1323,19
1324,19
1325,19
1326,26
1327,13
1328,7
1329,1
1330,1
1331,1
1332,10
1333,10
1334,10
1335,10
1336,1
1337,1
1338,1
1339,1
1340,1
1341,1
1342,1
1343,10
1344,10
1345,10
1346,10
1347,10
1348,4
1349,4
1350,7
1351,1
1352,1
1353,1
1354,1
1355,1
1356,10
1357,1
1358,1
1359,1
1360,1
1361,1
1362,1
1363,1
1364,10
1365,10
1366,10
1367,10
1368,10
1369,27
1370,27
1371,1
1372,4
1373,4
1374,4
1375,1
1376,1
1377,1
1378,1
1379,1
1380,1
1381,1
1382,1
1383,2
1384,2
1385,2
1386,3
1387,4
1388,4
1389,4
1390,4
1391,4
1392,4
1393,10
1394,10
1395,10
1396,10
1397,10
1398,10
1399,10
1400,7
1401,7
1402,7
1403,28
1404,1
1405,1
1406,2
1407,2
1408,2
1409,2
1410,5
1411,5
1412,5
1413,3
1414,3
1415,4
1416,4
1417,4
1418,4
1419,4
1420,4
1421,4
1422,10
1423,10
1424,7
1425,7
1426,7
1427,7
1428,7
1429,7
1430,7
1431,7
1432,7
1433,7
1434,7
1435,1
1436,1
1437,1
1438,1
1439,1
1440,1
1441,1
1442,1
1443,1
1444,1
1445,1
1446,1
1447,1
1448,1
1449,2
1450,2
1451,2
1452,2
1453,2
1454,2
1455,2
1456,2
1457,2
1458,2
1459,2
1460,3
1461,3
1462,3
1463,3
1464,4
1465,4
1466,4
1467,4
1468,4
1469,4
1470,4
1471,4
1472,4
1473,4
1474,10
1475,10
1476,10
1477,10
1478,10
1479,10
1480,10
1481,10
1482,10
1483,7
1484,7
1485,7
1486,7
1487,7
1488,7
1489,7
1490,7
1491,7
1492,7
1493,7
1494,7
1495,7
1496,7
1497,7
1498,25
1499,25
1500,2
1501,6
1501,3
1501,4
1502,1
1503,5
1504,4
1505,7
1506,30
1507,1
1508,1
1509,18
1510,30
1511,19
1512,1
1513,6
1514,19
1515,13
1516,4
1517,1
1518,9
1519,6
1520,5
1521,3
1522,19
1523,19
1524,19
1525,19
1526,19
1527,19
1528,1
1529,18
1530,13
1531,27
1532,4
1533,19
1534,24
1535,21
1536,21
1537,24
1538,1
1539,1
1540,5
1541,5
1542,5
1543,5
1544,21
1545,21
1546,5
1547,6
1548,6
1549,21
1550,20
1551,27
1552,8
1553,8
1554,23
1555,5
1556,5
1557,3
1558,21
1559,5
1560,9
1561,20
1562,20
1563,18
1564,20
1565,19
1566,22
1567,22
1568,5
1569,30
1570,22
1571,30
1572,19
1573,10
1574,6
1575,2
1577,19
1578,10
1579,19
1580,25
1581,21
1582,19
1583,22
1584,22
1585,1
1586,1
1587,1
1588,25
1589,19
1590,19
1591,19
1592,19
1595,1
1596,18
1597,18
1598,18
1599,18
1600,18
1601,24
1602,24
1603,28
1604,30
1605,26
1606,14
1607,15
1608,19
1609,21
1610,19
1611,27
1612,13
1614,1
1615,1
1616,10
1617,10
1618,10
1619,10
1620,10
1621,10
1622,10
1623,10
1624,1
1625,19
1627,6
1628,20
1629,10
1630,3
1631,2
1632,5
1633,4
1634,1
1635,3
1636,2
1637,3
1638,2
1639,1
1640,16
1641,5
1642,13
1643,10
1644,10
1645,4
1646,6
1647,7
1648,7
1649,3
1650,21
1651,21
1652,19
1653,13
1654,1
1655,5
1656,19
1657,10
1658,8
1659,8
1660,8
1661,8
1662,8
1663,8
1664,8
1665,8
1666,8
1667,8
1668,8
1669,9
1670,9
1671,9
1672,9
1673,9
1674,9
1675,9
1676,9
1677,9
1678,9
1679,9
1680,10
1681,10
1682,10
1683,16
1684,16
1685,16
1686,16
1687,13
1688,13
1689,13
1690,13
1691,13
1692,13
1693,13
1694,13
1695,13
1696,13
1697,20
1698,20
1699,21
1700,21
1701,21
1702,21
1703,21
1704,21
1705,21
1706,21
1707,21
1708,21
1709,21
1710,22
1711,22
1712,22
1713,22
1714,22
1715,22
1716,22
1717,24
1718,24
1719,25
1720,25
1721,25
1722,27
1723,27
1724,27
1725,19
1726,19
1727,19
1728,19
1729,19
1730,26
1731,26
1732,26
1733,26
1734,30
1735,30
1736,29
1737,29
1738,29
1739,29
1740,29
1741,5
1742,5
1743,6
1744,6
1745,4
1746,4
1747,7
1748,7
1749,7
1750,7
1751,10
1752,5
1753,2
1754,11
1755,5
1756,2
1757,1
1758,1
1759,1
1760,1
1761,2
1761,3
1761,4
1762,20
1763,10
1764,1
1765,2
1766,1
1767,5
1768,3
1769,4
1770,7
1771,10
1772,10
1773,10
1774,10
1775,19
1776,19
1777,19
1778,6
1779,1
1780,11
1781,10
1782,7
1783,3
1784,19
1785,19
1786,1
1787,1
1788,10
1789,19
1790,1
1791,1
1792,1
1793,1
1794,1
1795,10
1796,10
1797,1
1798,1
1799,4
1800,1
1801,1
1802,3
1803,1
1804,4
1805,22
1806,1
1807,7
1808,13
1809,25
1810,13
1811,21
1812,19
1813,1
1814,19
1815,6
1816,10
1817,10
1818,28
1819,28
1820,1
1821,30
1822,10
1823,8
1824,15
1825,15
1826,19
1827,15
1828,15
1829,15
1830,14
1831,12
1832,12
1833,12
1834,11
1835,9
1836,9
1837,9
1838,9
1839,9
1840,9
1841,9
1842,9
1843,9
1844,9
1845,9
1846,9
1847,9
1848,10
1849,10
1850,10
1851,10
1852,10
1853,10
1854,10
1855,10
1856,16
1857,13
1858,13
1859,13
1860,20
1861,20
1862,20
1863,20
1864,20
1865,20
1866,21
1867,22
1868,22
1869,22
1870,22
1871,22
1872,24
1873,24
1874,19
1875,24
1876,19
1877,24
1878,24
1879,24
1880,24
1881,24
1882,24
1888,27
1889,27
1890,27
1891,17
1892,26
1893,26
1894,26
1895,26
1896,26
1897,26
1898,26
1899,29
1900,29
1901,29
1902,29
1903,29
1904,29
1905,29
1906,29
1907,29
1908,29
1909,29
1910,5
1911,5
1912,5
1913,5
1914,5
1915,5
1916,5
1917,5
1918,6
1919,6
1920,6
1921,6
1922,6
1923,6
1924,6
1925,6
1926,6
1927,6
1928,6
1929,6
1930,6
1931,6
1932,6
1933,6
1934,6
1935,6
1936,4
1937,4
1938,4
1939,4
1940,2
1941,2
1942,2
1943,1
1944,1
1945,1
1946,21
1947,1
1948,3
1949,5
1950,5
1951,5
1952,5
1953,22
1954,2
1955,1
1956,6
1957,1
1958,19
1959,1
1960,10
1961,18
1962,23
1963,17
1964,10
1965,10
1966,2
1967,3
1968,10
1969,6
1970,22
1971,2
1972,10
1973,10
1974,10
1975,13
1976,10
1977,10
1978,10
1979,2
1980,2
1981,2
1982,2
1983,2
1984,2
1985,2
1986,2
1987,2
1988,2
1989,2
1990,2
1991,2
1992,2
1993,5
1994,2
1995,2
1996,9
1997,9
1998,20
1999,9
2000,20
2001,9
2002,20
2003,9
2004,9
2005,9
2006,9
2007,9
2008,18
2009,18
2010,18
2011,18
2012,18
2013,18
2014,18
2015,18
2016,18
2017,18
2018,18
2019,9
2020,9
2021,9
2022,9
2023,9
2024,9
2025,9
2026,3
2027,3
2028,3
2029,3
2030,6
2031,6
2032,6
2033,6
2034,6
2035,6
2036,6
2037,6
2038,6
2039,6
2040,5
2041,5
2042,5
2043,5
2044,5
2045,5
2046,5
2047,5
2048,5
2049,5
2050,5
2051,18
2052,18
2053,18
2054,18
2055,9
2056,9
2057,9
2058,9
2059,9
2060,9
2061,20
2062,29
2063,29
2064,29
2065,15
2066,15
2067,15
2068,15
2069,15
2070,15
2071,15
2072,16
2073,16
2074,6
2075,6
2076,7
2077,5
2078,5
2079,5
2080,5
2081,2
2082,2
2083,2
2084,2
2085,11
2086,11
2087,11
2088,21
2089,7
2090,10
2091,14
2092,14
2093,14
2094,14
2095,14
2096,14
2097,14
2098,14
2099,14
2100,14
2101,21
2102,21
2103,21
2104,21
2105,8
2106,8
2107,8
2108,23
2109,23
2110,23
2111,23
2112,23
2113,19
2114,19
2115,13
2116,13
2117,5
2118,6
2119,6
2120,6
2121,6
2122,1
2123,1
2124,15
2125,15
2126,15
2127,15
2128,15
2129,15
2130,15
2131,15
2132,15
2133,15
2134,10
2135,7
2136,12
2137,30
2138,11
2139,11
2140,6
2141,6
2142,6
2143,6
2144,6
2145,6
2146,25
2147,25
2148,25
2149,25
2150,18
2151,5
2152,5
2153,5
2154,4
2155,4
2156,4
2157,4
2158,4
2159,25
2160,25
2161,25
2162,25
2163,25
2164,25
2165,26
2166,19
2167,15
2168,22
2169,22
2170,30
2171,15
2172,23
2173,23
2174,23
2175,23
2176,23
2177,23
2178,23
2179,23
2180,23
2181,23
2182,7
2183,5
2184,10
2185,10
2186,10
2187,10
2188,11
2189,4
2190,4
2191,6
2192,6
2193,19
2194,2
2195,2
2196,2
2197,2
2198,10
2199,10
2200,10
2201,10
2202,10
2203,10
2204,10
2205,10
2206,10
2207,10
2208,7
2209,10
2210,10
2211,10
2212,10
2213,10
2214,10
2215,17
2216,10
2217,30
2218,3
2219,3
2220,3
2221,3
2222,3
2223,3
2224,3
2225,3
2226,3
2227,3
2228,3
2229,25
2230,10
2231,19
2232,12
2233,12
2234,12
2235,2
2236,22
2237,26
2238,26
2239,7
2240,10
2241,2
2242,2
2243,2
2244,2
2245,23
2246,19
2247,19
2248,19
2249,19
2250,10
2251,5
2252,8
2254,2
2255,1
2256,10
2257,24
2258,10
2259,24
2260,24
2261,25
2262,24
2263,24
2264,19
2265,24
2266,19
2267,19
2268,19
2269,19
2270,19
2271,19
2272,19
2273,19
2274,19
2275,19
2276,19
2277,25
2278,25
2282,9
2282,16
2283,9
2284,27
2285,19
2288,16
2289,21
2289,19
2290,26
2290,14
2292,18
2292,26
2292,19
2293,3
2294,1
2295,7
2296,1
2297,1
2298,7
2299,5
2300,1
2301,5
2302,7
2303,1
2304,1
2305,1
2306,5
2307,7
2308,1
2309,1
2310,1
2311,1
2312,1
2313,1
2314,1
2315,1
2316,1
2317,4
2318,1
2320,14
2321,27
2322,19
2323,10
2324,11
2325,24
2326,1
2327,18
2328,26
2329,26
2330,30
2331,27
2332,27
2333,26
2334,11
2335,16
2336,13
2337,14
2338,26
2339,30
2340,22
2341,24
2342,17
2343,19
2344,1
2345,10
2346,10
2347,11
2348,11
2349,11
2350,22
2351,22
2352,22
2353,22
2354,22
2355,22
2356,22
2357,22
2358,22
2359,22
2360,22
2361,22
2362,22
2363,24
2364,17
2365,28
2366,27
2367,20
2368,17
2369,17
2370,17
2371,3
2372,17
2373,10
2375,22
2376,1
2379,1
2380,19
2381,22
2382,17
2382,19
2383,13
2385,10
2385,1
2385,29
2385,30
2386,8
2386,22
2386,27
2386,16
2387,1
2390,1
2392,1
2395,3
2397,27
2398,19
2399,1
2400,22
2400,25
2400,30
2401,10
2402,19
2403,1
2404,9
2405,11
2406,11
2407,17
2408,17
2409,20
2410,19
2411,29
2412,18
2413,18
2414,18
2415,24
2416,9
2417,18
2418,8
2419,21
2420,11
2421,30
2422,11
2423,19
2424,11
2425,15
2426,15
2427,19
2428,30
2429,29
2430,21
2431,15
2432,17
2433,28
2434,1
2435,11
2436,28
2437,28
2438,28
2439,19
2440,19
2441,19
2442,19
2443,19
2444,19
2445,18
2446,18
2447,30
2448,30
2449,30
2450,9
2451,11
2452,1
2453,1
2454,11
2455,8
2456,30
2457,30
2458,25
2459,29
2460,19
2461,17
2462,17
2463,17
2464,17
2465,17
2466,18
2467,18
2468,22
2469,22
2470,22
2471,23
2472,19
2473,19
2474,19
2475,18
2476,18
2477,18
2478,18
2479,23
2480,23
2481,23
2482,23
2483,23
2484,22
2485,22
2486,22
2487,22
2488,22
2489,22
2490,22
2491,22
2492,22
2493,22
2494,22
2495,22
2496,22
2497,22
2498,22
2499,22
2500,22
2501,22
2502,22
2503,22
2504,22
2505,22
2506,22
2507,22
2508,22
2509,22
2510,22
2511,22
2512,22
2513,22
2514,20
2515,20
2516,20
2517,20
2518,20
2519,20
2520,20
2521,20
2522,20
2523,24
2524,12
2525,12
2526,12
2527,12
2528,12
2529,12
2530,12
2531,12
2532,24
2533,12
2534,12
2535,12
2536,12
2537,12
2538,11
2539,14
2540,14
2541,14
2542,13
2543,13
2544,26
2545,5
2546,5
2547,5
2548,5
2549,5
2550,5
2551,5
2552,14
2553,18
2554,18
2555,18
2556,18
2557,18
2558,18
2559,18
2560,18
2561,18
2562,18
2563,24
2564,24
2565,24
2566,24
2567,24
2568,24
2569,24
2570,24
2571,24
2572,24
2573,24
2574,24
2575,24
2576,24
2577,22
2578,22
2579,22
2580,22
2581,22
2582,22
2583,21
2584,21
2585,21
2586,20
2587,29
2588,29
2589,29
2590,29
2591,29
2592,29
2593,29
2594,29
2595,29
2596,29
2597,27
2598,30
2599,30
2600,30
2601,30
2602,30
2603,30
2604,30
2605,30
2606,30
2607,30
2608,30
2609,26
2610,26
2611,26
2612,26
2613,26
2614,26
2615,26
2616,26
2617,26
2618,26
2619,26
2620,26
2621,26
2622,25
2623,25
2624,25
2625,25
2626,25
2627,28
2628,9
2629,9
2630,9
2631,9
2632,9
2633,9
2634,10
2635,10
2636,8
2637,8
2638,8
2639,5
2640,5
2641,14
2642,11
2643,18
2644,18
2645,18
2646,18
2647,18
2648,18
2649,17
2650,17
2651,17
2652,17
2653,17
2654,17
2655,17
2656,17
2657,17
2658,17
2659,17
2660,17
2661,17
2662,17
2663,17
2664,17
2665,17
2666,17
2667,17
2668,17
2669,17
2670,17
2671,17
2672,17
2673,17
2674,29
2675,29
2676,29
2677,29
2678,29
2679,29
2680,29
2681,29
2682,29
2683,29
2684,29
2685,29
2686,29
2687,29
2688,22
2689,22
2690,22
2691,22
2692,24
2693,24
2694,18
2695,18
2696,18
2697,18
2698,18
2699,18
2700,18
2701,18
2702,18
2703,18
2704,18
2705,18
2706,18
2707,18
2708,18
2709,18
2710,18
2711,17
2712,18
2713,8
2714,8
2715,10
2716,26
2717,26
2718,26
2719,26
2720,29
2721,29
2722,29
2723,20
2724,23
2725,19
2726,19
2727,22
2728,22
2729,22
2730,22
2731,22
2732,22
2733,22
2734,27
2735,29
2736,26
2737,13
2738,13
2739,13
2740,8
2741,20
2742,20
2743,20
2744,17
2745,17
2746,17
2747,17
2748,17
2749,17
2750,17
2751,17
2752,17
2753,17
2754,17
2755,17
2756,17
2757,19
2758,24
2759,24
2760,21
2761,21
2762,21
2763,24
2764,22
2765,22
2766,22
2767,22
2768,22
2769,22
2770,23
2771,23
2772,23
2773,23
2774,17
2775,17
2776,23
2777,18
2778,17
2779,17
2780,30
2781,30
2782,30
2783,17
2784,17
2785,17
2786,17
2787,17
2788,17
2789,17
2790,17
2791,17
2792,18
2793,18
2794,18
2795,18
2796,18
2797,18
2798,28
2799,28
2800,28
2801,30
2802,26
2803,17
2804,30
2805,30
2806,20
2807,20
2808,20
2809,30
2810,30
2811,30
2812,30
2813,30
2814,30
2815,28
2816,11
2817,11
2818,26
2819,24
2820,24
2821,17
2822,17
2823,17
2824,22
2825,19
2834,29
2835,9
2836,22
2837,23
2838,24
2839,21
2840,11
2841,15
2842,12
2843,25
2844,28
2847,9
2848,27
2849,1
2850,12
2851,1
2852,26
2853,15
2854,22
2855,10
2856,11
2857,11
2858,11
2859,11
2860,11
2861,16
2862,14
2863,28
2864,28
2865,1
2866,1
2867,1
2868,27
2869,16
2870,16
2871,16
2872,14
2873,11
2874,11
2875,26
2876,19
2877,19
2878,19
2879,19
2880,23
2881,23
2882,20
2883,11
2884,1
2885,1
2886,1
2887,1
2888,11
2889,11
2890,12
2891,13
2892,30
2893,9
2894,26
2895,26
2896,27
2897,19
2898,19
2899,22
2900,22
2901,23
2902,23
2903,23
2904,23
2905,23
2906,23
2907,23
2908,23
2909,23
2910,23
2911,23
2912,22
2913,22
2914,22
2915,22
2916,22
2917,22
2918,22
2919,22
2920,20
2921,12
2922,11
2923,11
2924,11
2925,11
2926,11
2927,11
2928,11
2929,11
2930,11
2931,16
2932,16
2933,16
2934,13
2935,13
2936,10
2937,10
2938,10
2939,12
2940,15
2941,5
2942,5
2943,5
2944,5
2945,5
2946,5
2947,5
2948,5
2949,6
2950,5
2951,11
2952,11
2953,11
2954,11
2955,14
2956,14
2957,18
2958,18
2959,18
2960,18
2961,24
2962,24
2963,24
2964,24
2965,22
2966,21
2967,21
2968,21
2969,21
2970,21
2971,27
2972,27
2973,27
2974,27
2975,27
2976,27
2977,27
2978,27
2979,27
2980,27
2981,27
2982,30
2983,30
2984,30
2985,30
2986,25
2987,25
2988,25
2989,25
2990,25
2991,25
2992,25
2993,25
2994,25
2995,25
2996,25
2997,25
2998,25
2999,28
3000,28
3001,28
3002,28
3003,9
3004,9
3005,9
3006,9
3007,9
3008,9
3009,9
3010,9
3011,9
3012,9
3013,9
3014,9
3015,9
3016,9
3017,9
3018,8
3019,8
3020,8
3021,8
3022,8
3023,8
3024,8
3025,8
3026,5
3027,14
3028,14
3029,14
3030,14
3031,14
3032,14
3033,14
3034,14
3035,11
3036,11
3037,11
3038,11
3039,11
3040,18
3041,18
3042,17
3043,18
3044,8
3045,8
3046,8
3047,26
3048,26
3049,26
3050,29
3051,29
3052,9
3053,9
3054,9
3055,9
3056,9
3057,16
3058,16
3059,16
3060,23
3061,23
3062,22
3063,22
3064,10
3065,26
3066,26
3067,26
3068,26
3069,27
3070,27
3071,27
3072,27
3073,27
3074,28
3075,28
3076,28
3077,30
3078,30
3079,17
3080,26
3081,8
3082,13
3083,8
3084,8
3085,8
3086,8
3087,15
3088,15
3089,19
3090,19
3091,19
3092,18
3093,23
3094,23
3095,23
3096,23
3097,23
3098,27
3099,27
3100,30
3101,30
3102,28
3103,27
3104,27
3105,27
3106,27
3107,20
3108,28
3109,28
3110,28
3111,26
3112,26
3113,26
3114,25
3115,25
3116,25
3117,11
3118,11
3119,11
3120,11
3121,28
3122,17
3123,17
3124,17
3125,17
3126,28
3127,1
3128,19
3129,11
3130,27
3131,18
3132,18
3133,14
3134,11
3135,22
3136,19
3137,19
3138,5
3139,11
3140,5
3141,19
3142,17
3143,17
3144,26
3145,13
3146,26
3148,30
3149,9
3150,28
3151,8
3152,16
3153,13
3154,12
3157,30
3159,11
3160,1
3161,1
3162,5
3163,5
3164,19
3165,5
3166,11
3167,23
3167,22
3168,29
3168,26
3168,30
3169,14
3170,18
3171,12
3172,12
3173,12
3174,8
3175,28
3176,24
3177,21
3178,16
3179,13
3180,13
3181,13
3182,13
3183,24
3184,5
3185,24
3186,21
3187,5
3188,5
3189,23
3190,17
3191,29
3192,16
3193,16
3194,13
3195,13
3196,28
3197,28
3198,18
3199,28
3200,18
3201,18
3202,18
3203,18
3204,24
3205,18
3206,18
3207,12
3208,12
3209,12
3210,12
3211,12
3212,8
3213,8
3214,8
3215,16
3216,8
3217,8
3218,8
3219,13
3220,13
3221,13
3222,13
3223,29
3224,28
3225,29
3226,28
3227,29
3228,28
3229,29
3230,29
3231,23
3232,23
3233,16
3234,22
3234,30
3235,8
3235,1
3235,13
3235,16
3237,1
3238,10
3238,22
3238,25
3238,30
3238,19
3239,1
3240,1
3241,16
3242,30
3243,22
3244,1
3245,20
3246,1
3247,1
3248,1
3249,1
3250,1
3251,1
3252,1
3253,1
3254,1
3255,1
3256,1
3257,10
3258,1
3259,1
3260,1
3261,13
3262,16
3263,21
3264,20
3267,10
3268,3
3269,29
3270,15
3271,15
3272,15
3273,16
3274,26
3275,26
3277,1
3278,1
3280,10
3281,22
3281,19
3282,3
3283,10
3284,1
3286,2
3287,7
3288,1
3289,28
3290,27
3291,29
3292,26
3293,10
3294,15
3295,14
3296,9
3297,16
3298,13
3299,8
3300,7
3301,29
3302,5
3303,25
3304,22
3304,19
3305,8
3305,21
3305,13
3305,27
3305,16
3307,22
3308,1
3308,4
3309,19
3311,17
3312,11
3313,2
3314,27
3315,27
3316,15
3317,6
3318,1
3319,1
3320,10
3321,20
3322,18
3323,24
3324,24
3325,11
3326,5
3327,19
3328,19
3329,5
3330,27
3331,27
3332,20
3333,11
3334,1
3335,3
3336,10
3337,2
3338,17
3339,17
3340,9
3341,17
3342,10
3343,24
3344,17
3345,17
3346,9
3347,20
3348,27
3349,27
3350,2
3351,8
3352,20
3353,28
3354,24
3355,5
3356,5
3357,5
3358,5
3359,5
3360,5
3361,10
3362,9
3363,26
3364,16
3365,6
3366,22
3366,19
3368,19
3372,19
3373,28
3374,24
3375,11
3376,27
3377,18
3378,10
3378,19
3379,10
3379,22
3379,30
3380,9
3380,22
3380,15
3381,28
3382,11
3382,27
3383,11
3384,27
3385,11
3385,16
3386,28
3387,1
3388,10
3388,1
3388,22
3388,19
3389,8
3389,23
3389,16
3390,1
3391,1
3393,22
3394,1
3395,1
3396,21
3397,20
3398,10
3399,25
3400,1
3401,1
3403,10
3404,26
3405,1
3406,1
3407,1
3409,1
3410,19
3411,20
3412,2
3413,1
3413,18
3413,24
3413,19
3414,19
3416,26
3417,11
3418,11
3419,10
3421,27
3422,27
3423,26
3424,27
3425,11
3426,29
3427,11
3428,29
3429,27
3430,1
3431,27
3432,23
3433,16
3434,10
3435,10
3436,18
3437,20
3438,21
3439,21
3440,21
3441,21
3442,15
3443,15
3444,15
3445,9
3446,13
3447,30
3448,15
3449,15
3450,15
3451,14
3452,20
3453,20
3454,23
3455,12
3456,12
3457,20
3459,14
3460,14
3461,10
3462,14
3463,16
3464,23
3465,20
3466,18
3467,24
3468,11
3469,23
3470,23
3471,30
3472,17
3473,23
3474,11
3475,11
3476,11
3477,16
3478,16
3479,14
3480,11
3481,18
3482,9
3483,9
3483,11
3483,1
3484,28
3485,22
3486,22
3487,22
3488,16
3489,16
3490,11
3491,11
3492,14
3493,19
3494,11
3495,17
3496,17
3497,17
3498,17
3499,17
3500,17
3501,24
3502,17
3503,28
3504,27
3505,27
3506,16
3507,17
3508,17
3509,18
3510,23
3511,10
3512,10
3513,30
3514,23
3515,23
3516,23
3517,23
3518,23
3519,21
3520,18
3521,22
3522,22
3523,24
3524,19
3525,19
3526,22
3527,20
3528,20
3529,18
3530,18
3531,23
3532,5
3535,12
3536,10
3538,24
3539,9
3540,13
3541,18
3542,16
3543,18
3544,16
3545,1
3546,18
3547,11
3548,22
3549,10
3550,15
3551,15
3552,9
3553,30
3554,14
3555,30
3556,11
3557,1
3558,15
3559,1
3560,22
3561,17
3562,30
3563,15
3564,15
3565,30
3566,25
3567,24
3568,14
3569,26
3570,16
3571,16
3572,11
3573,14
3574,24
3575,11
3576,18
3577,30
3578,23
3579,8
3580,8
3581,17
3582,11
3583,18
3584,18
3585,12
3586,12
3587,12
3588,12
3589,25
3590,25
3591,25
3592,25
3593,18
3594,8
3595,8
3596,28
3597,23
3598,11
3599,11
3600,9
3601,9
3602,30
3603,16
3604,16
3605,16
3606,16
3607,16
3608,16
3609,13
3610,16
3611,16
3612,16
3613,16
3614,16
3615,16
3616,27
3617,27
3618,27
3619,27
3620,12
3621,29
3622,29
3623,14
3624,18
3625,20
3626,11
3627,13
3628,16
3629,17
3630,19
3631,21
3632,19
3633,19
3634,9
3635,9
3636,30
3637,17
3638,22
3639,28
3640,22
3641,28
3642,28
3643,11
3644,13
3645,13
3646,27
3647,19
3648,16
3649,22
3650,16
3651,22
3652,16
3653,28
3654,17
3655,17
3656,17
3657,23
3658,21
3659,22
3660,22
3661,22
3662,22
3663,13
3664,13
3665,13
3666,13
3667,13
3668,22
3669,22
3670,20
3671,9
3672,22
3673,16
3674,16
3675,16
3676,24
3677,22
3678,23
3679,18
3680,8
3681,11
3682,11
3683,11
3684,9
3685,26
3686,26
3687,26
3688,30
3689,13
3690,16
3691,16
3692,17
3693,20
3694,20
3695,20
3696,20
3697,23
3698,23
3699,23
3700,30
3701,22
3702,22
3703,22
3704,19
3705,19
3706,19
3707,29
3708,29
3709,29
3710,29
3711,22
3712,18
